iteration,chain,v_po[1],v_po[2],v_po[3],v_po[4],v_po[5],v_po[6],v_po[7],v_po[8],v_po[9],v_po[10],v_po[11],v_po[12],v_po[13],v_po[14],v_po[15],omegam_po,s8_po,h_po,hdata[1],hdata[2],hdata[3],hdata[4],hdata[5],hdata[6],hdata[7],hdata[8],hdata[9],hdata[10],hdata[11],hdata[12],hdata[13],hdata[14],hdata[15],hdata[16],hdata[17],hdata[18],hdata[19],hdata[20],chidata[1],chidata[2],chidata[3],chidata[4],chidata[5],chidata[6],fs8data[1],fs8data[2],fs8data[3],fs8data[4],fs8data[5],fs8data[6],lp,n_steps,is_accept,acceptance_rate,log_density,hamiltonian_energy,hamiltonian_energy_error,max_hamiltonian_energy_error,tree_depth,numerical_error,step_size,nom_step_size
11,1,0.690315679339744,1.2424542880654066,1.6080899918369345,-0.5774816954896826,-0.9782217746663318,-0.0033592997267305772,-1.3641677785285513,0.8073702107200477,-0.4986369890223752,-0.38563385994169314,-1.0859129353764447,-0.08751457257122133,0.24613760708485066,-1.8509245488868296,0.024814851096455103,0.28155929647054345,0.8688626257709053,0.6892816582263258,500.509012415215,546.8590673358008,678.8267286382465,689.4844434067131,641.5089212057537,626.3985041536139,589.3335825077996,531.8002627560642,365.5446752505697,306.3383399183873,-63.142436531605824,-82.41708754576456,-89.1892382758625,-80.95158942049204,-75.76761945227021,-72.62970136480601,-43.08959735508286,-36.65705460914036,-35.573050822442355,-30.776781271430366,97.71512029715228,200.3802297438545,313.58306805486416,476.97824861215736,-9262.295082196468,-7474.788543881053,-0.06873004565322882,-0.06914673019087197,-0.07069430830777433,-0.07747928093513987,7.713850704197881,2.6277247457273223,-6.592161952654331e6,1023.0,1.0,0.34458544944838776,-6.592161952654331e6,6.592174024252061e6,0.06737865880131721,10.08156250603497,10.0,0.0,1.6456945557492343e-21,1.6456945557492343e-21
12,1,0.690315679339744,1.2424542880654066,1.6080899918369345,-0.5774816954896826,-0.9782217746663318,-0.0033592997267305772,-1.3641677785285513,0.8073702107200477,-0.4986369890223752,-0.38563385994169314,-1.0859129353764447,-0.08751457257122133,0.24613760708485066,-1.8509245488868296,0.024814851096455103,0.28155929647054345,0.8688626257709053,0.6892816582263258,500.509012415215,546.8590673358008,678.8267286382465,689.4844434067131,641.5089212057537,626.3985041536139,589.3335825077996,531.8002627560642,365.5446752505697,306.3383399183873,-63.142436531605824,-82.41708754576456,-89.1892382758625,-80.95158942049204,-75.76761945227021,-72.62970136480601,-43.08959735508286,-36.65705460914036,-35.573050822442355,-30.776781271430366,97.71512029715228,200.3802297438545,313.58306805486416,476.97824861215736,-9262.295082196468,-7474.788543881053,-0.06873004565322882,-0.06914673019087197,-0.07069430830777433,-0.07747928093513987,7.713850704197881,2.6277247457273223,-6.592161952654331e6,1023.0,1.0,0.4034228531822105,-6.592161952654331e6,6.592172210972232e6,1.3872798709198833,8.936695436947048,10.0,0.0,1.6456945557492343e-21,1.6456945557492343e-21
13,1,0.690315679339744,1.2424542880654066,1.6080899918369345,-0.5774816954896826,-0.9782217746663318,-0.0033592997267305772,-1.3641677785285513,0.8073702107200477,-0.4986369890223752,-0.38563385994169314,-1.0859129353764447,-0.08751457257122133,0.24613760708485066,-1.8509245488868296,0.024814851096455103,0.28155929647054345,0.8688626257709053,0.6892816582263258,500.509012415215,546.8590673358008,678.8267286382465,689.4844434067131,641.5089212057537,626.3985041536139,589.3335825077996,531.8002627560642,365.5446752505697,306.3383399183873,-63.142436531605824,-82.41708754576456,-89.1892382758625,-80.95158942049204,-75.76761945227021,-72.62970136480601,-43.08959735508286,-36.65705460914036,-35.573050822442355,-30.776781271430366,97.71512029715228,200.3802297438545,313.58306805486416,476.97824861215736,-9262.295082196468,-7474.788543881053,-0.06873004565322882,-0.06914673019087197,-0.07069430830777433,-0.07747928093513987,7.713850704197881,2.6277247457273223,-6.592161952654331e6,1023.0,1.0,0.4583044039900774,-6.592161952654331e6,6.592167934779e6,0.15030498523265123,8.316536939702928,10.0,0.0,1.6456945557492343e-21,1.6456945557492343e-21
14,1,0.690315679339744,1.2424542880654066,1.6080899918369345,-0.5774816954896826,-0.9782217746663318,-0.0033592997267305772,-1.3641677785285513,0.8073702107200477,-0.4986369890223752,-0.38563385994169314,-1.0859129353764447,-0.08751457257122133,0.24613760708485066,-1.8509245488868296,0.024814851096455103,0.28155929647054345,0.8688626257709053,0.6892816582263258,500.509012415215,546.8590673358008,678.8267286382465,689.4844434067131,641.5089212057537,626.3985041536139,589.3335825077996,531.8002627560642,365.5446752505697,306.3383399183873,-63.142436531605824,-82.41708754576456,-89.1892382758625,-80.95158942049204,-75.76761945227021,-72.62970136480601,-43.08959735508286,-36.65705460914036,-35.573050822442355,-30.776781271430366,97.71512029715228,200.3802297438545,313.58306805486416,476.97824861215736,-9262.295082196468,-7474.788543881053,-0.06873004565322882,-0.06914673019087197,-0.07069430830777433,-0.07747928093513987,7.713850704197881,2.6277247457273223,-6.592161952654331e6,1023.0,1.0,0.3484863406399929,-6.592161952654331e6,6.592171735805334e6,0.7001056456938386,11.233852063305676,10.0,0.0,1.6456945557492343e-21,1.6456945557492343e-21
15,1,0.690315679339744,1.2424542880654066,1.6080899918369345,-0.5774816954896826,-0.9782217746663318,-0.0033592997267305772,-1.3641677785285513,0.8073702107200477,-0.4986369890223752,-0.38563385994169314,-1.0859129353764447,-0.08751457257122133,0.24613760708485066,-1.8509245488868296,0.024814851096455103,0.28155929647054345,0.8688626257709053,0.6892816582263258,500.509012415215,546.8590673358008,678.8267286382465,689.4844434067131,641.5089212057537,626.3985041536139,589.3335825077996,531.8002627560642,365.5446752505697,306.3383399183873,-63.142436531605824,-82.41708754576456,-89.1892382758625,-80.95158942049204,-75.76761945227021,-72.62970136480601,-43.08959735508286,-36.65705460914036,-35.573050822442355,-30.776781271430366,97.71512029715228,200.3802297438545,313.58306805486416,476.97824861215736,-9262.295082196468,-7474.788543881053,-0.06873004565322882,-0.06914673019087197,-0.07069430830777433,-0.07747928093513987,7.713850704197881,2.6277247457273223,-6.592161952654331e6,1023.0,1.0,0.2787934115785987,-6.592161952654331e6,6.592168540752843e6,-0.4370121508836746,22.958999914117157,10.0,0.0,1.6456945557492343e-21,1.6456945557492343e-21
16,1,0.690315679339744,1.2424542880654066,1.6080899918369345,-0.5774816954896826,-0.9782217746663318,-0.0033592997267305772,-1.3641677785285513,0.8073702107200477,-0.4986369890223752,-0.38563385994169314,-1.0859129353764447,-0.08751457257122133,0.24613760708485066,-1.8509245488868296,0.024814851096455103,0.28155929647054345,0.8688626257709053,0.6892816582263258,500.509012415215,546.8590673358008,678.8267286382465,689.4844434067131,641.5089212057537,626.3985041536139,589.3335825077996,531.8002627560642,365.5446752505697,306.3383399183873,-63.142436531605824,-82.41708754576456,-89.1892382758625,-80.95158942049204,-75.76761945227021,-72.62970136480601,-43.08959735508286,-36.65705460914036,-35.573050822442355,-30.776781271430366,97.71512029715228,200.3802297438545,313.58306805486416,476.97824861215736,-9262.295082196468,-7474.788543881053,-0.06873004565322882,-0.06914673019087197,-0.07069430830777433,-0.07747928093513987,7.713850704197881,2.6277247457273223,-6.592161952654331e6,1023.0,1.0,0.6161603389883112,-6.592161952654331e6,6.592173236812588e6,-0.6542614866048098,7.915375475771725,10.0,0.0,1.6456945557492343e-21,1.6456945557492343e-21
17,1,0.690315679339744,1.2424542880654066,1.6080899918369345,-0.5774816954896826,-0.9782217746663318,-0.0033592997267305772,-1.3641677785285513,0.8073702107200477,-0.4986369890223752,-0.38563385994169314,-1.0859129353764447,-0.08751457257122133,0.24613760708485066,-1.8509245488868296,0.024814851096455103,0.28155929647054345,0.8688626257709053,0.6892816582263258,500.509012415215,546.8590673358008,678.8267286382465,689.4844434067131,641.5089212057537,626.3985041536139,589.3335825077996,531.8002627560642,365.5446752505697,306.3383399183873,-63.142436531605824,-82.41708754576456,-89.1892382758625,-80.95158942049204,-75.76761945227021,-72.62970136480601,-43.08959735508286,-36.65705460914036,-35.573050822442355,-30.776781271430366,97.71512029715228,200.3802297438545,313.58306805486416,476.97824861215736,-9262.295082196468,-7474.788543881053,-0.06873004565322882,-0.06914673019087197,-0.07069430830777433,-0.07747928093513987,7.713850704197881,2.6277247457273223,-6.592161952654331e6,1023.0,1.0,0.4051113699994142,-6.592161952654331e6,6.5921694990776945e6,-0.6976962508633733,17.988984307274222,10.0,0.0,1.6456945557492343e-21,1.6456945557492343e-21
18,1,0.690315679339744,1.2424542880654066,1.6080899918369345,-0.5774816954896826,-0.9782217746663318,-0.0033592997267305772,-1.3641677785285513,0.8073702107200477,-0.4986369890223752,-0.38563385994169314,-1.0859129353764447,-0.08751457257122133,0.24613760708485066,-1.8509245488868296,0.024814851096455103,0.28155929647054345,0.8688626257709053,0.6892816582263258,500.509012415215,546.8590673358008,678.8267286382465,689.4844434067131,641.5089212057537,626.3985041536139,589.3335825077996,531.8002627560642,365.5446752505697,306.3383399183873,-63.142436531605824,-82.41708754576456,-89.1892382758625,-80.95158942049204,-75.76761945227021,-72.62970136480601,-43.08959735508286,-36.65705460914036,-35.573050822442355,-30.776781271430366,97.71512029715228,200.3802297438545,313.58306805486416,476.97824861215736,-9262.295082196468,-7474.788543881053,-0.06873004565322882,-0.06914673019087197,-0.07069430830777433,-0.07747928093513987,7.713850704197881,2.6277247457273223,-6.592161952654331e6,1023.0,1.0,0.5835008794181399,-6.592161952654331e6,6.592173276642573e6,-1.505482880398631,12.301609047688544,10.0,0.0,1.6456945557492343e-21,1.6456945557492343e-21
19,1,0.690315679339744,1.2424542880654066,1.6080899918369345,-0.5774816954896826,-0.9782217746663318,-0.0033592997267305772,-1.3641677785285513,0.8073702107200477,-0.4986369890223752,-0.38563385994169314,-1.0859129353764447,-0.08751457257122133,0.24613760708485066,-1.8509245488868296,0.024814851096455103,0.28155929647054345,0.8688626257709053,0.6892816582263258,500.509012415215,546.8590673358008,678.8267286382465,689.4844434067131,641.5089212057537,626.3985041536139,589.3335825077996,531.8002627560642,365.5446752505697,306.3383399183873,-63.142436531605824,-82.41708754576456,-89.1892382758625,-80.95158942049204,-75.76761945227021,-72.62970136480601,-43.08959735508286,-36.65705460914036,-35.573050822442355,-30.776781271430366,97.71512029715228,200.3802297438545,313.58306805486416,476.97824861215736,-9262.295082196468,-7474.788543881053,-0.06873004565322882,-0.06914673019087197,-0.07069430830777433,-0.07747928093513987,7.713850704197881,2.6277247457273223,-6.592161952654331e6,1023.0,1.0,0.25143340208683834,-6.592161952654331e6,6.592168838298235e6,-1.3284937171265483,27.540636005811393,10.0,0.0,1.6456945557492343e-21,1.6456945557492343e-21
20,1,0.690315679339744,1.2424542880654066,1.6080899918369345,-0.5774816954896826,-0.9782217746663318,-0.0033592997267305772,-1.3641677785285513,0.8073702107200477,-0.4986369890223752,-0.38563385994169314,-1.0859129353764447,-0.08751457257122133,0.24613760708485066,-1.8509245488868296,0.024814851096455103,0.28155929647054345,0.8688626257709053,0.6892816582263258,500.509012415215,546.8590673358008,678.8267286382465,689.4844434067131,641.5089212057537,626.3985041536139,589.3335825077996,531.8002627560642,365.5446752505697,306.3383399183873,-63.142436531605824,-82.41708754576456,-89.1892382758625,-80.95158942049204,-75.76761945227021,-72.62970136480601,-43.08959735508286,-36.65705460914036,-35.573050822442355,-30.776781271430366,97.71512029715228,200.3802297438545,313.58306805486416,476.97824861215736,-9262.295082196468,-7474.788543881053,-0.06873004565322882,-0.06914673019087197,-0.07069430830777433,-0.07747928093513987,7.713850704197881,2.6277247457273223,-6.592161952654331e6,1023.0,1.0,0.5561781885118257,-6.592161952654331e6,6.592171416201756e6,0.00862265843898058,10.621624969877303,10.0,0.0,1.6456945557492343e-21,1.6456945557492343e-21
21,1,0.690315679339744,1.2424542880654066,1.6080899918369345,-0.5774816954896826,-0.9782217746663318,-0.0033592997267305772,-1.3641677785285513,0.8073702107200477,-0.4986369890223752,-0.38563385994169314,-1.0859129353764447,-0.08751457257122133,0.24613760708485066,-1.8509245488868296,0.024814851096455103,0.28155929647054345,0.8688626257709053,0.6892816582263258,500.509012415215,546.8590673358008,678.8267286382465,689.4844434067131,641.5089212057537,626.3985041536139,589.3335825077996,531.8002627560642,365.5446752505697,306.3383399183873,-63.142436531605824,-82.41708754576456,-89.1892382758625,-80.95158942049204,-75.76761945227021,-72.62970136480601,-43.08959735508286,-36.65705460914036,-35.573050822442355,-30.776781271430366,97.71512029715228,200.3802297438545,313.58306805486416,476.97824861215736,-9262.295082196468,-7474.788543881053,-0.06873004565322882,-0.06914673019087197,-0.07069430830777433,-0.07747928093513987,7.713850704197881,2.6277247457273223,-6.592161952654331e6,1023.0,1.0,0.35645156471287914,-6.592161952654331e6,6.592168919121279e6,1.0940419407561421,17.484121821820736,10.0,0.0,1.6456945557492343e-21,1.6456945557492343e-21
22,1,0.690315679339744,1.2424542880654066,1.6080899918369345,-0.5774816954896826,-0.9782217746663318,-0.0033592997267305772,-1.3641677785285513,0.8073702107200477,-0.4986369890223752,-0.38563385994169314,-1.0859129353764447,-0.08751457257122133,0.24613760708485066,-1.8509245488868296,0.024814851096455103,0.28155929647054345,0.8688626257709053,0.6892816582263258,500.509012415215,546.8590673358008,678.8267286382465,689.4844434067131,641.5089212057537,626.3985041536139,589.3335825077996,531.8002627560642,365.5446752505697,306.3383399183873,-63.142436531605824,-82.41708754576456,-89.1892382758625,-80.95158942049204,-75.76761945227021,-72.62970136480601,-43.08959735508286,-36.65705460914036,-35.573050822442355,-30.776781271430366,97.71512029715228,200.3802297438545,313.58306805486416,476.97824861215736,-9262.295082196468,-7474.788543881053,-0.06873004565322882,-0.06914673019087197,-0.07069430830777433,-0.07747928093513987,7.713850704197881,2.6277247457273223,-6.592161952654331e6,1023.0,1.0,0.3429829923736817,-6.592161952654331e6,6.592174067883912e6,0.08736248407512903,16.894424257799983,10.0,0.0,1.6456945557492343e-21,1.6456945557492343e-21
23,1,0.690315679339744,1.2424542880654066,1.6080899918369345,-0.5774816954896826,-0.9782217746663318,-0.0033592997267305772,-1.3641677785285513,0.8073702107200477,-0.4986369890223752,-0.38563385994169314,-1.0859129353764447,-0.08751457257122133,0.24613760708485066,-1.8509245488868296,0.024814851096455103,0.28155929647054345,0.8688626257709053,0.6892816582263258,500.509012415215,546.8590673358008,678.8267286382465,689.4844434067131,641.5089212057537,626.3985041536139,589.3335825077996,531.8002627560642,365.5446752505697,306.3383399183873,-63.142436531605824,-82.41708754576456,-89.1892382758625,-80.95158942049204,-75.76761945227021,-72.62970136480601,-43.08959735508286,-36.65705460914036,-35.573050822442355,-30.776781271430366,97.71512029715228,200.3802297438545,313.58306805486416,476.97824861215736,-9262.295082196468,-7474.788543881053,-0.06873004565322882,-0.06914673019087197,-0.07069430830777433,-0.07747928093513987,7.713850704197881,2.6277247457273223,-6.592161952654331e6,1023.0,1.0,0.5302279673643568,-6.592161952654331e6,6.592176286204128e6,-0.9285032199695706,10.646442169323564,10.0,0.0,1.6456945557492343e-21,1.6456945557492343e-21
24,1,0.690315679339744,1.2424542880654066,1.6080899918369345,-0.5774816954896826,-0.9782217746663318,-0.0033592997267305772,-1.3641677785285513,0.8073702107200477,-0.4986369890223752,-0.38563385994169314,-1.0859129353764447,-0.08751457257122133,0.24613760708485066,-1.8509245488868296,0.024814851096455103,0.28155929647054345,0.8688626257709053,0.6892816582263258,500.509012415215,546.8590673358008,678.8267286382465,689.4844434067131,641.5089212057537,626.3985041536139,589.3335825077996,531.8002627560642,365.5446752505697,306.3383399183873,-63.142436531605824,-82.41708754576456,-89.1892382758625,-80.95158942049204,-75.76761945227021,-72.62970136480601,-43.08959735508286,-36.65705460914036,-35.573050822442355,-30.776781271430366,97.71512029715228,200.3802297438545,313.58306805486416,476.97824861215736,-9262.295082196468,-7474.788543881053,-0.06873004565322882,-0.06914673019087197,-0.07069430830777433,-0.07747928093513987,7.713850704197881,2.6277247457273223,-6.592161952654331e6,1023.0,1.0,0.3903227206214719,-6.592161952654331e6,6.592171022117542e6,-0.1659255437552929,11.742708009667695,10.0,0.0,1.6456945557492343e-21,1.6456945557492343e-21
25,1,0.690315679339744,1.2424542880654066,1.6080899918369345,-0.5774816954896826,-0.9782217746663318,-0.0033592997267305772,-1.3641677785285513,0.8073702107200477,-0.4986369890223752,-0.38563385994169314,-1.0859129353764447,-0.08751457257122133,0.24613760708485066,-1.8509245488868296,0.024814851096455103,0.28155929647054345,0.8688626257709053,0.6892816582263258,500.509012415215,546.8590673358008,678.8267286382465,689.4844434067131,641.5089212057537,626.3985041536139,589.3335825077996,531.8002627560642,365.5446752505697,306.3383399183873,-63.142436531605824,-82.41708754576456,-89.1892382758625,-80.95158942049204,-75.76761945227021,-72.62970136480601,-43.08959735508286,-36.65705460914036,-35.573050822442355,-30.776781271430366,97.71512029715228,200.3802297438545,313.58306805486416,476.97824861215736,-9262.295082196468,-7474.788543881053,-0.06873004565322882,-0.06914673019087197,-0.07069430830777433,-0.07747928093513987,7.713850704197881,2.6277247457273223,-6.592161952654331e6,1023.0,1.0,0.37832116601561644,-6.592161952654331e6,6.592173234408466e6,0.38720282819122076,7.131706493906677,10.0,0.0,1.6456945557492343e-21,1.6456945557492343e-21
26,1,0.690315679339744,1.2424542880654066,1.6080899918369345,-0.5774816954896826,-0.9782217746663318,-0.0033592997267305772,-1.3641677785285513,0.8073702107200477,-0.4986369890223752,-0.38563385994169314,-1.0859129353764447,-0.08751457257122133,0.24613760708485066,-1.8509245488868296,0.024814851096455103,0.28155929647054345,0.8688626257709053,0.6892816582263258,500.509012415215,546.8590673358008,678.8267286382465,689.4844434067131,641.5089212057537,626.3985041536139,589.3335825077996,531.8002627560642,365.5446752505697,306.3383399183873,-63.142436531605824,-82.41708754576456,-89.1892382758625,-80.95158942049204,-75.76761945227021,-72.62970136480601,-43.08959735508286,-36.65705460914036,-35.573050822442355,-30.776781271430366,97.71512029715228,200.3802297438545,313.58306805486416,476.97824861215736,-9262.295082196468,-7474.788543881053,-0.06873004565322882,-0.06914673019087197,-0.07069430830777433,-0.07747928093513987,7.713850704197881,2.6277247457273223,-6.592161952654331e6,1023.0,1.0,0.2719854619636001,-6.592161952654331e6,6.59217288742188e6,0.07699630502611399,21.335309157148004,10.0,0.0,1.6456945557492343e-21,1.6456945557492343e-21
27,1,0.690315679339744,1.2424542880654066,1.6080899918369345,-0.5774816954896826,-0.9782217746663318,-0.0033592997267305772,-1.3641677785285513,0.8073702107200477,-0.4986369890223752,-0.38563385994169314,-1.0859129353764447,-0.08751457257122133,0.24613760708485066,-1.8509245488868296,0.024814851096455103,0.28155929647054345,0.8688626257709053,0.6892816582263258,500.509012415215,546.8590673358008,678.8267286382465,689.4844434067131,641.5089212057537,626.3985041536139,589.3335825077996,531.8002627560642,365.5446752505697,306.3383399183873,-63.142436531605824,-82.41708754576456,-89.1892382758625,-80.95158942049204,-75.76761945227021,-72.62970136480601,-43.08959735508286,-36.65705460914036,-35.573050822442355,-30.776781271430366,97.71512029715228,200.3802297438545,313.58306805486416,476.97824861215736,-9262.295082196468,-7474.788543881053,-0.06873004565322882,-0.06914673019087197,-0.07069430830777433,-0.07747928093513987,7.713850704197881,2.6277247457273223,-6.592161952654331e6,1023.0,1.0,0.5820903719165691,-6.592161952654331e6,6.592169879831291e6,-0.769049109891057,8.596386538818479,10.0,0.0,1.6456945557492343e-21,1.6456945557492343e-21
28,1,0.690315679339744,1.2424542880654066,1.6080899918369345,-0.5774816954896826,-0.9782217746663318,-0.0033592997267305772,-1.3641677785285513,0.8073702107200477,-0.4986369890223752,-0.38563385994169314,-1.0859129353764447,-0.08751457257122133,0.24613760708485066,-1.8509245488868296,0.024814851096455103,0.28155929647054345,0.8688626257709053,0.6892816582263258,500.509012415215,546.8590673358008,678.8267286382465,689.4844434067131,641.5089212057537,626.3985041536139,589.3335825077996,531.8002627560642,365.5446752505697,306.3383399183873,-63.142436531605824,-82.41708754576456,-89.1892382758625,-80.95158942049204,-75.76761945227021,-72.62970136480601,-43.08959735508286,-36.65705460914036,-35.573050822442355,-30.776781271430366,97.71512029715228,200.3802297438545,313.58306805486416,476.97824861215736,-9262.295082196468,-7474.788543881053,-0.06873004565322882,-0.06914673019087197,-0.07069430830777433,-0.07747928093513987,7.713850704197881,2.6277247457273223,-6.592161952654331e6,1023.0,1.0,0.35971951474459274,-6.592161952654331e6,6.592170149008902e6,-0.024465281516313553,10.690207635983825,10.0,0.0,1.6456945557492343e-21,1.6456945557492343e-21
29,1,0.690315679339744,1.2424542880654066,1.6080899918369345,-0.5774816954896826,-0.9782217746663318,-0.0033592997267305772,-1.3641677785285513,0.8073702107200477,-0.4986369890223752,-0.38563385994169314,-1.0859129353764447,-0.08751457257122133,0.24613760708485066,-1.8509245488868296,0.024814851096455103,0.28155929647054345,0.8688626257709053,0.6892816582263258,500.509012415215,546.8590673358008,678.8267286382465,689.4844434067131,641.5089212057537,626.3985041536139,589.3335825077996,531.8002627560642,365.5446752505697,306.3383399183873,-63.142436531605824,-82.41708754576456,-89.1892382758625,-80.95158942049204,-75.76761945227021,-72.62970136480601,-43.08959735508286,-36.65705460914036,-35.573050822442355,-30.776781271430366,97.71512029715228,200.3802297438545,313.58306805486416,476.97824861215736,-9262.295082196468,-7474.788543881053,-0.06873004565322882,-0.06914673019087197,-0.07069430830777433,-0.07747928093513987,7.713850704197881,2.6277247457273223,-6.592161952654331e6,1023.0,1.0,0.11149626565309853,-6.592161952654331e6,6.592170885085101e6,1.8456047223880887,30.849613374099135,10.0,0.0,1.6456945557492343e-21,1.6456945557492343e-21
30,1,0.690315679339744,1.2424542880654066,1.6080899918369345,-0.5774816954896826,-0.9782217746663318,-0.0033592997267305772,-1.3641677785285513,0.8073702107200477,-0.4986369890223752,-0.38563385994169314,-1.0859129353764447,-0.08751457257122133,0.24613760708485066,-1.8509245488868296,0.024814851096455103,0.28155929647054345,0.8688626257709053,0.6892816582263258,500.509012415215,546.8590673358008,678.8267286382465,689.4844434067131,641.5089212057537,626.3985041536139,589.3335825077996,531.8002627560642,365.5446752505697,306.3383399183873,-63.142436531605824,-82.41708754576456,-89.1892382758625,-80.95158942049204,-75.76761945227021,-72.62970136480601,-43.08959735508286,-36.65705460914036,-35.573050822442355,-30.776781271430366,97.71512029715228,200.3802297438545,313.58306805486416,476.97824861215736,-9262.295082196468,-7474.788543881053,-0.06873004565322882,-0.06914673019087197,-0.07069430830777433,-0.07747928093513987,7.713850704197881,2.6277247457273223,-6.592161952654331e6,1023.0,1.0,0.5385227928713359,-6.592161952654331e6,6.592170375914601e6,-1.2777897976338863,13.307536055333912,10.0,0.0,1.6456945557492343e-21,1.6456945557492343e-21
31,1,0.690315679339744,1.2424542880654066,1.6080899918369345,-0.5774816954896826,-0.9782217746663318,-0.0033592997267305772,-1.3641677785285513,0.8073702107200477,-0.4986369890223752,-0.38563385994169314,-1.0859129353764447,-0.08751457257122133,0.24613760708485066,-1.8509245488868296,0.024814851096455103,0.28155929647054345,0.8688626257709053,0.6892816582263258,500.509012415215,546.8590673358008,678.8267286382465,689.4844434067131,641.5089212057537,626.3985041536139,589.3335825077996,531.8002627560642,365.5446752505697,306.3383399183873,-63.142436531605824,-82.41708754576456,-89.1892382758625,-80.95158942049204,-75.76761945227021,-72.62970136480601,-43.08959735508286,-36.65705460914036,-35.573050822442355,-30.776781271430366,97.71512029715228,200.3802297438545,313.58306805486416,476.97824861215736,-9262.295082196468,-7474.788543881053,-0.06873004565322882,-0.06914673019087197,-0.07069430830777433,-0.07747928093513987,7.713850704197881,2.6277247457273223,-6.592161952654331e6,1023.0,1.0,0.36758502796534553,-6.592161952654331e6,6.59217139794183e6,-0.6448137909173965,19.553955015726388,10.0,0.0,1.6456945557492343e-21,1.6456945557492343e-21
32,1,0.690315679339744,1.2424542880654066,1.6080899918369345,-0.5774816954896826,-0.9782217746663318,-0.0033592997267305772,-1.3641677785285513,0.8073702107200477,-0.4986369890223752,-0.38563385994169314,-1.0859129353764447,-0.08751457257122133,0.24613760708485066,-1.8509245488868296,0.024814851096455103,0.28155929647054345,0.8688626257709053,0.6892816582263258,500.509012415215,546.8590673358008,678.8267286382465,689.4844434067131,641.5089212057537,626.3985041536139,589.3335825077996,531.8002627560642,365.5446752505697,306.3383399183873,-63.142436531605824,-82.41708754576456,-89.1892382758625,-80.95158942049204,-75.76761945227021,-72.62970136480601,-43.08959735508286,-36.65705460914036,-35.573050822442355,-30.776781271430366,97.71512029715228,200.3802297438545,313.58306805486416,476.97824861215736,-9262.295082196468,-7474.788543881053,-0.06873004565322882,-0.06914673019087197,-0.07069430830777433,-0.07747928093513987,7.713850704197881,2.6277247457273223,-6.592161952654331e6,1023.0,1.0,0.6165216742019081,-6.592161952654331e6,6.592168004604352e6,-1.4879273111000657,8.242019737139344,10.0,0.0,1.6456945557492343e-21,1.6456945557492343e-21
33,1,0.690315679339744,1.2424542880654066,1.6080899918369345,-0.5774816954896826,-0.9782217746663318,-0.0033592997267305772,-1.3641677785285513,0.8073702107200477,-0.4986369890223752,-0.38563385994169314,-1.0859129353764447,-0.08751457257122133,0.24613760708485066,-1.8509245488868296,0.024814851096455103,0.28155929647054345,0.8688626257709053,0.6892816582263258,500.509012415215,546.8590673358008,678.8267286382465,689.4844434067131,641.5089212057537,626.3985041536139,589.3335825077996,531.8002627560642,365.5446752505697,306.3383399183873,-63.142436531605824,-82.41708754576456,-89.1892382758625,-80.95158942049204,-75.76761945227021,-72.62970136480601,-43.08959735508286,-36.65705460914036,-35.573050822442355,-30.776781271430366,97.71512029715228,200.3802297438545,313.58306805486416,476.97824861215736,-9262.295082196468,-7474.788543881053,-0.06873004565322882,-0.06914673019087197,-0.07069430830777433,-0.07747928093513987,7.713850704197881,2.6277247457273223,-6.592161952654331e6,1023.0,1.0,0.35791042072744494,-6.592161952654331e6,6.592170207792875e6,-0.0317806676030159,10.32623497955501,10.0,0.0,1.6456945557492343e-21,1.6456945557492343e-21
34,1,0.690315679339744,1.2424542880654066,1.6080899918369345,-0.5774816954896826,-0.9782217746663318,-0.0033592997267305772,-1.3641677785285513,0.8073702107200477,-0.4986369890223752,-0.38563385994169314,-1.0859129353764447,-0.08751457257122133,0.24613760708485066,-1.8509245488868296,0.024814851096455103,0.28155929647054345,0.8688626257709053,0.6892816582263258,500.509012415215,546.8590673358008,678.8267286382465,689.4844434067131,641.5089212057537,626.3985041536139,589.3335825077996,531.8002627560642,365.5446752505697,306.3383399183873,-63.142436531605824,-82.41708754576456,-89.1892382758625,-80.95158942049204,-75.76761945227021,-72.62970136480601,-43.08959735508286,-36.65705460914036,-35.573050822442355,-30.776781271430366,97.71512029715228,200.3802297438545,313.58306805486416,476.97824861215736,-9262.295082196468,-7474.788543881053,-0.06873004565322882,-0.06914673019087197,-0.07069430830777433,-0.07747928093513987,7.713850704197881,2.6277247457273223,-6.592161952654331e6,1023.0,1.0,0.4272157857597585,-6.592161952654331e6,6.592172377066453e6,-0.6185441883280873,16.673462298698723,10.0,0.0,1.6456945557492343e-21,1.6456945557492343e-21
35,1,0.690315679339744,1.2424542880654066,1.6080899918369345,-0.5774816954896826,-0.9782217746663318,-0.0033592997267305772,-1.3641677785285513,0.8073702107200477,-0.4986369890223752,-0.38563385994169314,-1.0859129353764447,-0.08751457257122133,0.24613760708485066,-1.8509245488868296,0.024814851096455103,0.28155929647054345,0.8688626257709053,0.6892816582263258,500.509012415215,546.8590673358008,678.8267286382465,689.4844434067131,641.5089212057537,626.3985041536139,589.3335825077996,531.8002627560642,365.5446752505697,306.3383399183873,-63.142436531605824,-82.41708754576456,-89.1892382758625,-80.95158942049204,-75.76761945227021,-72.62970136480601,-43.08959735508286,-36.65705460914036,-35.573050822442355,-30.776781271430366,97.71512029715228,200.3802297438545,313.58306805486416,476.97824861215736,-9262.295082196468,-7474.788543881053,-0.06873004565322882,-0.06914673019087197,-0.07069430830777433,-0.07747928093513987,7.713850704197881,2.6277247457273223,-6.592161952654331e6,1023.0,1.0,0.40558082615843655,-6.592161952654331e6,6.592170194588727e6,0.08102844748646021,8.503637638874352,10.0,0.0,1.6456945557492343e-21,1.6456945557492343e-21
36,1,0.690315679339744,1.2424542880654066,1.6080899918369345,-0.5774816954896826,-0.9782217746663318,-0.0033592997267305772,-1.3641677785285513,0.8073702107200477,-0.4986369890223752,-0.38563385994169314,-1.0859129353764447,-0.08751457257122133,0.24613760708485066,-1.8509245488868296,0.024814851096455103,0.28155929647054345,0.8688626257709053,0.6892816582263258,500.509012415215,546.8590673358008,678.8267286382465,689.4844434067131,641.5089212057537,626.3985041536139,589.3335825077996,531.8002627560642,365.5446752505697,306.3383399183873,-63.142436531605824,-82.41708754576456,-89.1892382758625,-80.95158942049204,-75.76761945227021,-72.62970136480601,-43.08959735508286,-36.65705460914036,-35.573050822442355,-30.776781271430366,97.71512029715228,200.3802297438545,313.58306805486416,476.97824861215736,-9262.295082196468,-7474.788543881053,-0.06873004565322882,-0.06914673019087197,-0.07069430830777433,-0.07747928093513987,7.713850704197881,2.6277247457273223,-6.592161952654331e6,1023.0,1.0,0.3430338582022319,-6.592161952654331e6,6.59217491999139e6,0.7758958823978901,15.345925240777433,10.0,0.0,1.6456945557492343e-21,1.6456945557492343e-21
37,1,0.690315679339744,1.2424542880654066,1.6080899918369345,-0.5774816954896826,-0.9782217746663318,-0.0033592997267305772,-1.3641677785285513,0.8073702107200477,-0.4986369890223752,-0.38563385994169314,-1.0859129353764447,-0.08751457257122133,0.24613760708485066,-1.8509245488868296,0.024814851096455103,0.28155929647054345,0.8688626257709053,0.6892816582263258,500.509012415215,546.8590673358008,678.8267286382465,689.4844434067131,641.5089212057537,626.3985041536139,589.3335825077996,531.8002627560642,365.5446752505697,306.3383399183873,-63.142436531605824,-82.41708754576456,-89.1892382758625,-80.95158942049204,-75.76761945227021,-72.62970136480601,-43.08959735508286,-36.65705460914036,-35.573050822442355,-30.776781271430366,97.71512029715228,200.3802297438545,313.58306805486416,476.97824861215736,-9262.295082196468,-7474.788543881053,-0.06873004565322882,-0.06914673019087197,-0.07069430830777433,-0.07747928093513987,7.713850704197881,2.6277247457273223,-6.592161952654331e6,1023.0,1.0,0.4361847979188039,-6.592161952654331e6,6.592174192043721e6,-0.7966338256374002,16.70816107559949,10.0,0.0,1.6456945557492343e-21,1.6456945557492343e-21
38,1,0.690315679339744,1.2424542880654066,1.6080899918369345,-0.5774816954896826,-0.9782217746663318,-0.0033592997267305772,-1.3641677785285513,0.8073702107200477,-0.4986369890223752,-0.38563385994169314,-1.0859129353764447,-0.08751457257122133,0.24613760708485066,-1.8509245488868296,0.024814851096455103,0.28155929647054345,0.8688626257709053,0.6892816582263258,500.509012415215,546.8590673358008,678.8267286382465,689.4844434067131,641.5089212057537,626.3985041536139,589.3335825077996,531.8002627560642,365.5446752505697,306.3383399183873,-63.142436531605824,-82.41708754576456,-89.1892382758625,-80.95158942049204,-75.76761945227021,-72.62970136480601,-43.08959735508286,-36.65705460914036,-35.573050822442355,-30.776781271430366,97.71512029715228,200.3802297438545,313.58306805486416,476.97824861215736,-9262.295082196468,-7474.788543881053,-0.06873004565322882,-0.06914673019087197,-0.07069430830777433,-0.07747928093513987,7.713850704197881,2.6277247457273223,-6.592161952654331e6,1023.0,1.0,0.40259155022704685,-6.592161952654331e6,6.592169896768168e6,1.247245137579739,7.414868562482297,10.0,0.0,1.6456945557492343e-21,1.6456945557492343e-21
39,1,0.690315679339744,1.2424542880654066,1.6080899918369345,-0.5774816954896826,-0.9782217746663318,-0.0033592997267305772,-1.3641677785285513,0.8073702107200477,-0.4986369890223752,-0.38563385994169314,-1.0859129353764447,-0.08751457257122133,0.24613760708485066,-1.8509245488868296,0.024814851096455103,0.28155929647054345,0.8688626257709053,0.6892816582263258,500.509012415215,546.8590673358008,678.8267286382465,689.4844434067131,641.5089212057537,626.3985041536139,589.3335825077996,531.8002627560642,365.5446752505697,306.3383399183873,-63.142436531605824,-82.41708754576456,-89.1892382758625,-80.95158942049204,-75.76761945227021,-72.62970136480601,-43.08959735508286,-36.65705460914036,-35.573050822442355,-30.776781271430366,97.71512029715228,200.3802297438545,313.58306805486416,476.97824861215736,-9262.295082196468,-7474.788543881053,-0.06873004565322882,-0.06914673019087197,-0.07069430830777433,-0.07747928093513987,7.713850704197881,2.6277247457273223,-6.592161952654331e6,1023.0,1.0,0.3550653669740685,-6.592161952654331e6,6.592175000818064e6,0.5473167533054948,10.155155500397086,10.0,0.0,1.6456945557492343e-21,1.6456945557492343e-21
40,1,0.690315679339744,1.2424542880654066,1.6080899918369345,-0.5774816954896826,-0.9782217746663318,-0.0033592997267305772,-1.3641677785285513,0.8073702107200477,-0.4986369890223752,-0.38563385994169314,-1.0859129353764447,-0.08751457257122133,0.24613760708485066,-1.8509245488868296,0.024814851096455103,0.28155929647054345,0.8688626257709053,0.6892816582263258,500.509012415215,546.8590673358008,678.8267286382465,689.4844434067131,641.5089212057537,626.3985041536139,589.3335825077996,531.8002627560642,365.5446752505697,306.3383399183873,-63.142436531605824,-82.41708754576456,-89.1892382758625,-80.95158942049204,-75.76761945227021,-72.62970136480601,-43.08959735508286,-36.65705460914036,-35.573050822442355,-30.776781271430366,97.71512029715228,200.3802297438545,313.58306805486416,476.97824861215736,-9262.295082196468,-7474.788543881053,-0.06873004565322882,-0.06914673019087197,-0.07069430830777433,-0.07747928093513987,7.713850704197881,2.6277247457273223,-6.592161952654331e6,1023.0,1.0,0.14830869103835015,-6.592161952654331e6,6.592172736378971e6,0.23349441587924957,28.479991069994867,10.0,0.0,1.6456945557492343e-21,1.6456945557492343e-21
41,1,0.690315679339744,1.2424542880654066,1.6080899918369345,-0.5774816954896826,-0.9782217746663318,-0.0033592997267305772,-1.3641677785285513,0.8073702107200477,-0.4986369890223752,-0.38563385994169314,-1.0859129353764447,-0.08751457257122133,0.24613760708485066,-1.8509245488868296,0.024814851096455103,0.28155929647054345,0.8688626257709053,0.6892816582263258,500.509012415215,546.8590673358008,678.8267286382465,689.4844434067131,641.5089212057537,626.3985041536139,589.3335825077996,531.8002627560642,365.5446752505697,306.3383399183873,-63.142436531605824,-82.41708754576456,-89.1892382758625,-80.95158942049204,-75.76761945227021,-72.62970136480601,-43.08959735508286,-36.65705460914036,-35.573050822442355,-30.776781271430366,97.71512029715228,200.3802297438545,313.58306805486416,476.97824861215736,-9262.295082196468,-7474.788543881053,-0.06873004565322882,-0.06914673019087197,-0.07069430830777433,-0.07747928093513987,7.713850704197881,2.6277247457273223,-6.592161952654331e6,1023.0,1.0,0.40674464397017734,-6.592161952654331e6,6.592173792999567e6,-0.21209172252565622,7.351542767137289,10.0,0.0,1.6456945557492343e-21,1.6456945557492343e-21
42,1,0.690315679339744,1.2424542880654066,1.6080899918369345,-0.5774816954896826,-0.9782217746663318,-0.0033592997267305772,-1.3641677785285513,0.8073702107200477,-0.4986369890223752,-0.38563385994169314,-1.0859129353764447,-0.08751457257122133,0.24613760708485066,-1.8509245488868296,0.024814851096455103,0.28155929647054345,0.8688626257709053,0.6892816582263258,500.509012415215,546.8590673358008,678.8267286382465,689.4844434067131,641.5089212057537,626.3985041536139,589.3335825077996,531.8002627560642,365.5446752505697,306.3383399183873,-63.142436531605824,-82.41708754576456,-89.1892382758625,-80.95158942049204,-75.76761945227021,-72.62970136480601,-43.08959735508286,-36.65705460914036,-35.573050822442355,-30.776781271430366,97.71512029715228,200.3802297438545,313.58306805486416,476.97824861215736,-9262.295082196468,-7474.788543881053,-0.06873004565322882,-0.06914673019087197,-0.07069430830777433,-0.07747928093513987,7.713850704197881,2.6277247457273223,-6.592161952654331e6,1023.0,1.0,0.5504536949841682,-6.592161952654331e6,6.592167353676786e6,-1.829310734756291,13.9493358861655,10.0,0.0,1.6456945557492343e-21,1.6456945557492343e-21
43,1,0.690315679339744,1.2424542880654066,1.6080899918369345,-0.5774816954896826,-0.9782217746663318,-0.0033592997267305772,-1.3641677785285513,0.8073702107200477,-0.4986369890223752,-0.38563385994169314,-1.0859129353764447,-0.08751457257122133,0.24613760708485066,-1.8509245488868296,0.024814851096455103,0.28155929647054345,0.8688626257709053,0.6892816582263258,500.509012415215,546.8590673358008,678.8267286382465,689.4844434067131,641.5089212057537,626.3985041536139,589.3335825077996,531.8002627560642,365.5446752505697,306.3383399183873,-63.142436531605824,-82.41708754576456,-89.1892382758625,-80.95158942049204,-75.76761945227021,-72.62970136480601,-43.08959735508286,-36.65705460914036,-35.573050822442355,-30.776781271430366,97.71512029715228,200.3802297438545,313.58306805486416,476.97824861215736,-9262.295082196468,-7474.788543881053,-0.06873004565322882,-0.06914673019087197,-0.07069430830777433,-0.07747928093513987,7.713850704197881,2.6277247457273223,-6.592161952654331e6,1023.0,1.0,0.3451269661137695,-6.592161952654331e6,6.592167932307201e6,0.7258262829855084,8.627782416529953,10.0,0.0,1.6456945557492343e-21,1.6456945557492343e-21
44,1,0.690315679339744,1.2424542880654066,1.6080899918369345,-0.5774816954896826,-0.9782217746663318,-0.0033592997267305772,-1.3641677785285513,0.8073702107200477,-0.4986369890223752,-0.38563385994169314,-1.0859129353764447,-0.08751457257122133,0.24613760708485066,-1.8509245488868296,0.024814851096455103,0.28155929647054345,0.8688626257709053,0.6892816582263258,500.509012415215,546.8590673358008,678.8267286382465,689.4844434067131,641.5089212057537,626.3985041536139,589.3335825077996,531.8002627560642,365.5446752505697,306.3383399183873,-63.142436531605824,-82.41708754576456,-89.1892382758625,-80.95158942049204,-75.76761945227021,-72.62970136480601,-43.08959735508286,-36.65705460914036,-35.573050822442355,-30.776781271430366,97.71512029715228,200.3802297438545,313.58306805486416,476.97824861215736,-9262.295082196468,-7474.788543881053,-0.06873004565322882,-0.06914673019087197,-0.07069430830777433,-0.07747928093513987,7.713850704197881,2.6277247457273223,-6.592161952654331e6,1023.0,1.0,0.12886604507687907,-6.592161952654331e6,6.592174769191746e6,0.19830758683383465,29.508059337735176,10.0,0.0,1.6456945557492343e-21,1.6456945557492343e-21
45,1,0.690315679339744,1.2424542880654066,1.6080899918369345,-0.5774816954896826,-0.9782217746663318,-0.0033592997267305772,-1.3641677785285513,0.8073702107200477,-0.4986369890223752,-0.38563385994169314,-1.0859129353764447,-0.08751457257122133,0.24613760708485066,-1.8509245488868296,0.024814851096455103,0.28155929647054345,0.8688626257709053,0.6892816582263258,500.509012415215,546.8590673358008,678.8267286382465,689.4844434067131,641.5089212057537,626.3985041536139,589.3335825077996,531.8002627560642,365.5446752505697,306.3383399183873,-63.142436531605824,-82.41708754576456,-89.1892382758625,-80.95158942049204,-75.76761945227021,-72.62970136480601,-43.08959735508286,-36.65705460914036,-35.573050822442355,-30.776781271430366,97.71512029715228,200.3802297438545,313.58306805486416,476.97824861215736,-9262.295082196468,-7474.788543881053,-0.06873004565322882,-0.06914673019087197,-0.07069430830777433,-0.07747928093513987,7.713850704197881,2.6277247457273223,-6.592161952654331e6,1023.0,1.0,0.34305343122888116,-6.592161952654331e6,6.59217129325389e6,0.14394333586096764,11.987505936063826,10.0,0.0,1.6456945557492343e-21,1.6456945557492343e-21
46,1,0.690315679339744,1.2424542880654066,1.6080899918369345,-0.5774816954896826,-0.9782217746663318,-0.0033592997267305772,-1.3641677785285513,0.8073702107200477,-0.4986369890223752,-0.38563385994169314,-1.0859129353764447,-0.08751457257122133,0.24613760708485066,-1.8509245488868296,0.024814851096455103,0.28155929647054345,0.8688626257709053,0.6892816582263258,500.509012415215,546.8590673358008,678.8267286382465,689.4844434067131,641.5089212057537,626.3985041536139,589.3335825077996,531.8002627560642,365.5446752505697,306.3383399183873,-63.142436531605824,-82.41708754576456,-89.1892382758625,-80.95158942049204,-75.76761945227021,-72.62970136480601,-43.08959735508286,-36.65705460914036,-35.573050822442355,-30.776781271430366,97.71512029715228,200.3802297438545,313.58306805486416,476.97824861215736,-9262.295082196468,-7474.788543881053,-0.06873004565322882,-0.06914673019087197,-0.07069430830777433,-0.07747928093513987,7.713850704197881,2.6277247457273223,-6.592161952654331e6,1023.0,1.0,0.42801804042218733,-6.592161952654331e6,6.592169023504786e6,-0.11975971050560474,6.938039822503924,10.0,0.0,1.6456945557492343e-21,1.6456945557492343e-21
47,1,0.690315679339744,1.2424542880654066,1.6080899918369345,-0.5774816954896826,-0.9782217746663318,-0.0033592997267305772,-1.3641677785285513,0.8073702107200477,-0.4986369890223752,-0.38563385994169314,-1.0859129353764447,-0.08751457257122133,0.24613760708485066,-1.8509245488868296,0.024814851096455103,0.28155929647054345,0.8688626257709053,0.6892816582263258,500.509012415215,546.8590673358008,678.8267286382465,689.4844434067131,641.5089212057537,626.3985041536139,589.3335825077996,531.8002627560642,365.5446752505697,306.3383399183873,-63.142436531605824,-82.41708754576456,-89.1892382758625,-80.95158942049204,-75.76761945227021,-72.62970136480601,-43.08959735508286,-36.65705460914036,-35.573050822442355,-30.776781271430366,97.71512029715228,200.3802297438545,313.58306805486416,476.97824861215736,-9262.295082196468,-7474.788543881053,-0.06873004565322882,-0.06914673019087197,-0.07069430830777433,-0.07747928093513987,7.713850704197881,2.6277247457273223,-6.592161952654331e6,1023.0,1.0,0.634550287366432,-6.592161952654331e6,6.592167829307471e6,-1.8442129576578736,9.822683785110712,10.0,0.0,1.6456945557492343e-21,1.6456945557492343e-21
48,1,0.690315679339744,1.2424542880654066,1.6080899918369345,-0.5774816954896826,-0.9782217746663318,-0.0033592997267305772,-1.3641677785285513,0.8073702107200477,-0.4986369890223752,-0.38563385994169314,-1.0859129353764447,-0.08751457257122133,0.24613760708485066,-1.8509245488868296,0.024814851096455103,0.28155929647054345,0.8688626257709053,0.6892816582263258,500.509012415215,546.8590673358008,678.8267286382465,689.4844434067131,641.5089212057537,626.3985041536139,589.3335825077996,531.8002627560642,365.5446752505697,306.3383399183873,-63.142436531605824,-82.41708754576456,-89.1892382758625,-80.95158942049204,-75.76761945227021,-72.62970136480601,-43.08959735508286,-36.65705460914036,-35.573050822442355,-30.776781271430366,97.71512029715228,200.3802297438545,313.58306805486416,476.97824861215736,-9262.295082196468,-7474.788543881053,-0.06873004565322882,-0.06914673019087197,-0.07069430830777433,-0.07747928093513987,7.713850704197881,2.6277247457273223,-6.592161952654331e6,1023.0,1.0,0.5024406407310544,-6.592161952654331e6,6.592173816698161e6,-0.5314451782032847,14.177868553437293,10.0,0.0,1.6456945557492343e-21,1.6456945557492343e-21
49,1,0.690315679339744,1.2424542880654066,1.6080899918369345,-0.5774816954896826,-0.9782217746663318,-0.0033592997267305772,-1.3641677785285513,0.8073702107200477,-0.4986369890223752,-0.38563385994169314,-1.0859129353764447,-0.08751457257122133,0.24613760708485066,-1.8509245488868296,0.024814851096455103,0.28155929647054345,0.8688626257709053,0.6892816582263258,500.509012415215,546.8590673358008,678.8267286382465,689.4844434067131,641.5089212057537,626.3985041536139,589.3335825077996,531.8002627560642,365.5446752505697,306.3383399183873,-63.142436531605824,-82.41708754576456,-89.1892382758625,-80.95158942049204,-75.76761945227021,-72.62970136480601,-43.08959735508286,-36.65705460914036,-35.573050822442355,-30.776781271430366,97.71512029715228,200.3802297438545,313.58306805486416,476.97824861215736,-9262.295082196468,-7474.788543881053,-0.06873004565322882,-0.06914673019087197,-0.07069430830777433,-0.07747928093513987,7.713850704197881,2.6277247457273223,-6.592161952654331e6,1023.0,1.0,0.33541985023954446,-6.592161952654331e6,6.592175917666524e6,0.49503846280276775,18.377201094292104,10.0,0.0,1.6456945557492343e-21,1.6456945557492343e-21
50,1,0.690315679339744,1.2424542880654066,1.6080899918369345,-0.5774816954896826,-0.9782217746663318,-0.0033592997267305772,-1.3641677785285513,0.8073702107200477,-0.4986369890223752,-0.38563385994169314,-1.0859129353764447,-0.08751457257122133,0.24613760708485066,-1.8509245488868296,0.024814851096455103,0.28155929647054345,0.8688626257709053,0.6892816582263258,500.509012415215,546.8590673358008,678.8267286382465,689.4844434067131,641.5089212057537,626.3985041536139,589.3335825077996,531.8002627560642,365.5446752505697,306.3383399183873,-63.142436531605824,-82.41708754576456,-89.1892382758625,-80.95158942049204,-75.76761945227021,-72.62970136480601,-43.08959735508286,-36.65705460914036,-35.573050822442355,-30.776781271430366,97.71512029715228,200.3802297438545,313.58306805486416,476.97824861215736,-9262.295082196468,-7474.788543881053,-0.06873004565322882,-0.06914673019087197,-0.07069430830777433,-0.07747928093513987,7.713850704197881,2.6277247457273223,-6.592161952654331e6,1023.0,1.0,0.7052613382757705,-6.592161952654331e6,6.592166874991395e6,-3.249459756538272,9.551785001531243,10.0,0.0,1.6456945557492343e-21,1.6456945557492343e-21
51,1,0.690315679339744,1.2424542880654066,1.6080899918369345,-0.5774816954896826,-0.9782217746663318,-0.0033592997267305772,-1.3641677785285513,0.8073702107200477,-0.4986369890223752,-0.38563385994169314,-1.0859129353764447,-0.08751457257122133,0.24613760708485066,-1.8509245488868296,0.024814851096455103,0.28155929647054345,0.8688626257709053,0.6892816582263258,500.509012415215,546.8590673358008,678.8267286382465,689.4844434067131,641.5089212057537,626.3985041536139,589.3335825077996,531.8002627560642,365.5446752505697,306.3383399183873,-63.142436531605824,-82.41708754576456,-89.1892382758625,-80.95158942049204,-75.76761945227021,-72.62970136480601,-43.08959735508286,-36.65705460914036,-35.573050822442355,-30.776781271430366,97.71512029715228,200.3802297438545,313.58306805486416,476.97824861215736,-9262.295082196468,-7474.788543881053,-0.06873004565322882,-0.06914673019087197,-0.07069430830777433,-0.07747928093513987,7.713850704197881,2.6277247457273223,-6.592161952654331e6,1023.0,1.0,0.34890776140350327,-6.592161952654331e6,6.592168492911673e6,0.174806940369308,7.879913995042443,10.0,0.0,1.6456945557492343e-21,1.6456945557492343e-21
52,1,0.690315679339744,1.2424542880654066,1.6080899918369345,-0.5774816954896826,-0.9782217746663318,-0.0033592997267305772,-1.3641677785285513,0.8073702107200477,-0.4986369890223752,-0.38563385994169314,-1.0859129353764447,-0.08751457257122133,0.24613760708485066,-1.8509245488868296,0.024814851096455103,0.28155929647054345,0.8688626257709053,0.6892816582263258,500.509012415215,546.8590673358008,678.8267286382465,689.4844434067131,641.5089212057537,626.3985041536139,589.3335825077996,531.8002627560642,365.5446752505697,306.3383399183873,-63.142436531605824,-82.41708754576456,-89.1892382758625,-80.95158942049204,-75.76761945227021,-72.62970136480601,-43.08959735508286,-36.65705460914036,-35.573050822442355,-30.776781271430366,97.71512029715228,200.3802297438545,313.58306805486416,476.97824861215736,-9262.295082196468,-7474.788543881053,-0.06873004565322882,-0.06914673019087197,-0.07069430830777433,-0.07747928093513987,7.713850704197881,2.6277247457273223,-6.592161952654331e6,1023.0,1.0,0.2205184269929401,-6.592161952654331e6,6.592174603602243e6,1.6756786536425352,24.05062119755894,10.0,0.0,1.6456945557492343e-21,1.6456945557492343e-21
53,1,0.690315679339744,1.2424542880654066,1.6080899918369345,-0.5774816954896826,-0.9782217746663318,-0.0033592997267305772,-1.3641677785285513,0.8073702107200477,-0.4986369890223752,-0.38563385994169314,-1.0859129353764447,-0.08751457257122133,0.24613760708485066,-1.8509245488868296,0.024814851096455103,0.28155929647054345,0.8688626257709053,0.6892816582263258,500.509012415215,546.8590673358008,678.8267286382465,689.4844434067131,641.5089212057537,626.3985041536139,589.3335825077996,531.8002627560642,365.5446752505697,306.3383399183873,-63.142436531605824,-82.41708754576456,-89.1892382758625,-80.95158942049204,-75.76761945227021,-72.62970136480601,-43.08959735508286,-36.65705460914036,-35.573050822442355,-30.776781271430366,97.71512029715228,200.3802297438545,313.58306805486416,476.97824861215736,-9262.295082196468,-7474.788543881053,-0.06873004565322882,-0.06914673019087197,-0.07069430830777433,-0.07747928093513987,7.713850704197881,2.6277247457273223,-6.592161952654331e6,1023.0,1.0,0.28796451726223266,-6.592161952654331e6,6.592167292211734e6,-0.0633825734257698,20.525431838817894,10.0,0.0,1.6456945557492343e-21,1.6456945557492343e-21
54,1,0.690315679339744,1.2424542880654066,1.6080899918369345,-0.5774816954896826,-0.9782217746663318,-0.0033592997267305772,-1.3641677785285513,0.8073702107200477,-0.4986369890223752,-0.38563385994169314,-1.0859129353764447,-0.08751457257122133,0.24613760708485066,-1.8509245488868296,0.024814851096455103,0.28155929647054345,0.8688626257709053,0.6892816582263258,500.509012415215,546.8590673358008,678.8267286382465,689.4844434067131,641.5089212057537,626.3985041536139,589.3335825077996,531.8002627560642,365.5446752505697,306.3383399183873,-63.142436531605824,-82.41708754576456,-89.1892382758625,-80.95158942049204,-75.76761945227021,-72.62970136480601,-43.08959735508286,-36.65705460914036,-35.573050822442355,-30.776781271430366,97.71512029715228,200.3802297438545,313.58306805486416,476.97824861215736,-9262.295082196468,-7474.788543881053,-0.06873004565322882,-0.06914673019087197,-0.07069430830777433,-0.07747928093513987,7.713850704197881,2.6277247457273223,-6.592161952654331e6,1023.0,1.0,0.21878098165054247,-6.592161952654331e6,6.59217290520529e6,-0.38100366201251745,28.194211441092193,10.0,0.0,1.6456945557492343e-21,1.6456945557492343e-21
55,1,0.690315679339744,1.2424542880654066,1.6080899918369345,-0.5774816954896826,-0.9782217746663318,-0.0033592997267305772,-1.3641677785285513,0.8073702107200477,-0.4986369890223752,-0.38563385994169314,-1.0859129353764447,-0.08751457257122133,0.24613760708485066,-1.8509245488868296,0.024814851096455103,0.28155929647054345,0.8688626257709053,0.6892816582263258,500.509012415215,546.8590673358008,678.8267286382465,689.4844434067131,641.5089212057537,626.3985041536139,589.3335825077996,531.8002627560642,365.5446752505697,306.3383399183873,-63.142436531605824,-82.41708754576456,-89.1892382758625,-80.95158942049204,-75.76761945227021,-72.62970136480601,-43.08959735508286,-36.65705460914036,-35.573050822442355,-30.776781271430366,97.71512029715228,200.3802297438545,313.58306805486416,476.97824861215736,-9262.295082196468,-7474.788543881053,-0.06873004565322882,-0.06914673019087197,-0.07069430830777433,-0.07747928093513987,7.713850704197881,2.6277247457273223,-6.592161952654331e6,1023.0,1.0,0.3908024127156745,-6.592161952654331e6,6.592167580291777e6,-3.0126740392297506,24.218787009827793,10.0,0.0,1.6456945557492343e-21,1.6456945557492343e-21
56,1,0.690315679339744,1.2424542880654066,1.6080899918369345,-0.5774816954896826,-0.9782217746663318,-0.0033592997267305772,-1.3641677785285513,0.8073702107200477,-0.4986369890223752,-0.38563385994169314,-1.0859129353764447,-0.08751457257122133,0.24613760708485066,-1.8509245488868296,0.024814851096455103,0.28155929647054345,0.8688626257709053,0.6892816582263258,500.509012415215,546.8590673358008,678.8267286382465,689.4844434067131,641.5089212057537,626.3985041536139,589.3335825077996,531.8002627560642,365.5446752505697,306.3383399183873,-63.142436531605824,-82.41708754576456,-89.1892382758625,-80.95158942049204,-75.76761945227021,-72.62970136480601,-43.08959735508286,-36.65705460914036,-35.573050822442355,-30.776781271430366,97.71512029715228,200.3802297438545,313.58306805486416,476.97824861215736,-9262.295082196468,-7474.788543881053,-0.06873004565322882,-0.06914673019087197,-0.07069430830777433,-0.07747928093513987,7.713850704197881,2.6277247457273223,-6.592161952654331e6,1023.0,1.0,0.2951123640476371,-6.592161952654331e6,6.59216694801934e6,-0.4634226243942976,22.462569990195334,10.0,0.0,1.6456945557492343e-21,1.6456945557492343e-21
57,1,0.690315679339744,1.2424542880654066,1.6080899918369345,-0.5774816954896826,-0.9782217746663318,-0.0033592997267305772,-1.3641677785285513,0.8073702107200477,-0.4986369890223752,-0.38563385994169314,-1.0859129353764447,-0.08751457257122133,0.24613760708485066,-1.8509245488868296,0.024814851096455103,0.28155929647054345,0.8688626257709053,0.6892816582263258,500.509012415215,546.8590673358008,678.8267286382465,689.4844434067131,641.5089212057537,626.3985041536139,589.3335825077996,531.8002627560642,365.5446752505697,306.3383399183873,-63.142436531605824,-82.41708754576456,-89.1892382758625,-80.95158942049204,-75.76761945227021,-72.62970136480601,-43.08959735508286,-36.65705460914036,-35.573050822442355,-30.776781271430366,97.71512029715228,200.3802297438545,313.58306805486416,476.97824861215736,-9262.295082196468,-7474.788543881053,-0.06873004565322882,-0.06914673019087197,-0.07069430830777433,-0.07747928093513987,7.713850704197881,2.6277247457273223,-6.592161952654331e6,1023.0,1.0,0.45122673985679895,-6.592161952654331e6,6.592169456121714e6,-0.09095794800668955,8.984787249937654,10.0,0.0,1.6456945557492343e-21,1.6456945557492343e-21
58,1,0.690315679339744,1.2424542880654066,1.6080899918369345,-0.5774816954896826,-0.9782217746663318,-0.0033592997267305772,-1.3641677785285513,0.8073702107200477,-0.4986369890223752,-0.38563385994169314,-1.0859129353764447,-0.08751457257122133,0.24613760708485066,-1.8509245488868296,0.024814851096455103,0.28155929647054345,0.8688626257709053,0.6892816582263258,500.509012415215,546.8590673358008,678.8267286382465,689.4844434067131,641.5089212057537,626.3985041536139,589.3335825077996,531.8002627560642,365.5446752505697,306.3383399183873,-63.142436531605824,-82.41708754576456,-89.1892382758625,-80.95158942049204,-75.76761945227021,-72.62970136480601,-43.08959735508286,-36.65705460914036,-35.573050822442355,-30.776781271430366,97.71512029715228,200.3802297438545,313.58306805486416,476.97824861215736,-9262.295082196468,-7474.788543881053,-0.06873004565322882,-0.06914673019087197,-0.07069430830777433,-0.07747928093513987,7.713850704197881,2.6277247457273223,-6.592161952654331e6,1023.0,1.0,0.37856677373646264,-6.592161952654331e6,6.592172429421792e6,-0.1676221638917923,14.555122612975538,10.0,0.0,1.6456945557492343e-21,1.6456945557492343e-21
59,1,0.690315679339744,1.2424542880654066,1.6080899918369345,-0.5774816954896826,-0.9782217746663318,-0.0033592997267305772,-1.3641677785285513,0.8073702107200477,-0.4986369890223752,-0.38563385994169314,-1.0859129353764447,-0.08751457257122133,0.24613760708485066,-1.8509245488868296,0.024814851096455103,0.28155929647054345,0.8688626257709053,0.6892816582263258,500.509012415215,546.8590673358008,678.8267286382465,689.4844434067131,641.5089212057537,626.3985041536139,589.3335825077996,531.8002627560642,365.5446752505697,306.3383399183873,-63.142436531605824,-82.41708754576456,-89.1892382758625,-80.95158942049204,-75.76761945227021,-72.62970136480601,-43.08959735508286,-36.65705460914036,-35.573050822442355,-30.776781271430366,97.71512029715228,200.3802297438545,313.58306805486416,476.97824861215736,-9262.295082196468,-7474.788543881053,-0.06873004565322882,-0.06914673019087197,-0.07069430830777433,-0.07747928093513987,7.713850704197881,2.6277247457273223,-6.592161952654331e6,1023.0,1.0,0.3395447354978704,-6.592161952654331e6,6.5921710526958145e6,0.3552636094391346,13.478542175143957,10.0,0.0,1.6456945557492343e-21,1.6456945557492343e-21
60,1,0.690315679339744,1.2424542880654066,1.6080899918369345,-0.5774816954896826,-0.9782217746663318,-0.0033592997267305772,-1.3641677785285513,0.8073702107200477,-0.4986369890223752,-0.38563385994169314,-1.0859129353764447,-0.08751457257122133,0.24613760708485066,-1.8509245488868296,0.024814851096455103,0.28155929647054345,0.8688626257709053,0.6892816582263258,500.509012415215,546.8590673358008,678.8267286382465,689.4844434067131,641.5089212057537,626.3985041536139,589.3335825077996,531.8002627560642,365.5446752505697,306.3383399183873,-63.142436531605824,-82.41708754576456,-89.1892382758625,-80.95158942049204,-75.76761945227021,-72.62970136480601,-43.08959735508286,-36.65705460914036,-35.573050822442355,-30.776781271430366,97.71512029715228,200.3802297438545,313.58306805486416,476.97824861215736,-9262.295082196468,-7474.788543881053,-0.06873004565322882,-0.06914673019087197,-0.07069430830777433,-0.07747928093513987,7.713850704197881,2.6277247457273223,-6.592161952654331e6,1023.0,1.0,0.35386077902021607,-6.592161952654331e6,6.592174925596348e6,-0.05017609614878893,15.274855482392013,10.0,0.0,1.6456945557492343e-21,1.6456945557492343e-21
